"region","year","catch","species","species_fac","region_fac","era","log_catch","log_catch_stnd","catch_stnd","annual_sst","annual_sst_2","annual_sst_3","winter_sst","winter_sst_2","winter_sst_3"
"GOA",1989,4119453,"Chum","Chum","GOA","1989-2021",15.2312309455211,-1.15517877707129,-1.11208362824056,0.245803077438412,0.425978314274863,0.0716833597122379,-0.371175413751327,0.708044382100485,0.874083332999538
"GOA",1990,5629114,"Chum","Chum","GOA","1989-2021",15.5434626165061,-0.685907683757737,-0.858291292239492,0.606153551111315,0.426270743848382,0.366114855045059,1.7872641779523,1.46256608659453,0.851318919812575
"GOA",1991,6872064,"Chum","Chum","GOA","1989-2021",15.7429750557577,-0.386048863536673,-0.649336312258866,0.246387936585449,0.364481083684233,0.445038572826594,1.13786799523676,0.413655142189655,0.871524820777203
"GOA",1992,7785780,"Chum","Chum","GOA","1989-2021",15.8678095509095,-0.198427858152038,-0.495729563404948,0.482574230783017,0.316429948156871,0.293082610966397,-0.310557710857444,-0.267392970811316,0.201027351204707
"GOA",1993,10952314,"Chum","Chum","GOA","1989-2021",16.2090613161019,0.314459218427307,0.036603232425916,0.150285665530726,-0.153780549017428,0.0583377109160535,-0.224228230765188,-0.511181405638767,-0.444306840711659
"GOA",1994,14927965,"Chum","Chum","GOA","1989-2021",16.5187468574792,0.779903585832541,0.704958415751839,-0.457846763565582,-0.328716757010865,-0.169049282830335,-0.798134580512346,-0.165381596118117,-0.184997141000474
"GOA",1995,16161363,"Chum","Chum","GOA","1989-2021",16.5981339515599,0.899219055389836,0.912307588605248,-0.199586750456149,0.396378289481954,0.111636605132775,0.467371388276113,0.172165549406765,-0.151267827232939
"GOA",1996,19766502,"Chum","Chum","GOA","1989-2021",16.7994992447424,1.20186263728222,1.51837520803674,0.992343329420056,0.648400196274283,0.365737880697472,-0.123040289462583,0.49004309588359,0.482485860014431
"GOA",1997,15429441,"Chum","Chum","GOA","1989-2021",16.5517879955561,0.829563029221982,0.78926261748221,0.30445706312851,-0.0255463087627484,0.313750237298186,1.10312648122976,0.0522872392427208,-0.00615527032571371
"GOA",1998,18233757,"Chum","Chum","GOA","1989-2021",16.718785214286,1.08055283805997,1.26070217147823,-0.355549680654007,-0.230128776995739,-0.0519334969543228,-0.998552002744321,-0.792565065905238,-0.160667883526904
"GOA",1999,19968693,"Chum","Chum","GOA","1989-2021",16.8096762550779,1.2171582565631,1.55236596901447,-0.104707873337472,0.797410995359201,0.413090770021465,-0.586578129066155,-0.695091264608693,-0.796244843987236
"GOA",2000,23657025,"Chum","Chum","GOA","1989-2021",16.9791706689637,1.47190124488254,2.17241934141231,1.69952986405587,1.3670150634231,0.876440751169574,-0.803604400151231,0.472871581043155,0.119721677673385
"GOA",2001,14213383,"Chum","Chum","GOA","1989-2021",16.4696945435191,0.706180017275376,0.584828509074567,1.03450026279032,0.0749233832990615,0.616458876884665,1.74934756223754,1.21932957566675,0.545018250394087
"GOA",2002,15634692,"Chum","Chum","GOA","1989-2021",16.5650028492877,0.849424399591738,0.823767801597422,-0.884653496192197,-0.576368696093525,-0.0394123764655768,0.689311589095952,0.0105103252535563,0.590122737581551
"GOA",2003,16930734,"Chum","Chum","GOA","1989-2021",16.6446411081607,0.9691173592874,1.0416481911256,-0.268083895994853,-0.104800636891533,-0.364751589991754,-0.668290938588839,-0.113367117906114,0.154192451094575
"GOA",2004,15643405,"Chum","Chum","GOA","1989-2021",16.5655599803833,0.850261744238866,0.825232562642172,0.0584826222117884,0.269924121417097,0.0905881156131133,0.441556702776611,-0.198766091861684,-0.355274374104069
"GOA",2005,9820665,"Chum","Chum","GOA","1989-2021",16.0999993969788,0.150543732646134,-0.153640698657471,0.481365620622405,1.09823550786576,0.751651212647767,-0.839088886499978,0.829551964694693,0.700220210721999
"GOA",2006,18202127,"Chum","Chum","GOA","1989-2021",16.7170490133503,1.07794340094329,1.25538478460282,1.71510539510911,1.48937362986964,1.15337096012056,2.49819281588936,1.36581494434887,0.630847000732587
"GOA",2007,14564317,"Chum","Chum","GOA","1989-2021",16.4940850540389,0.742837930619004,0.643824773561892,1.26364186463018,1.59020846063185,1.63184077212427,0.233437072808376,0.222216922714338,0.98087555377268
"GOA",2008,16285811,"Chum","Chum","GOA","1989-2021",16.6058047958823,0.910748012367438,0.933228807760185,1.91677505663353,0.910258574751269,1.0280530047109,0.2109967726203,0.10483480297196,0.147702226250766
"GOA",2009,15935138,"Chum","Chum","GOA","1989-2021",16.5840371659781,0.878032178474657,0.874276420540469,-0.0962579071309874,-0.376535189464862,0.3879015592346,-0.00132716667637936,-0.552950603594118,-0.298301478189312
"GOA",2010,16256689,"Chum","Chum","GOA","1989-2021",16.6040150128125,0.908058043552639,0.928333046122954,-0.656812471798737,-0.804303279891751,-0.568288155638163,-1.10457404051186,-1.10857009647834,-0.739489119877684
"GOA",2011,14804534,"Chum","Chum","GOA","1989-2021",16.5104440431697,0.767424804495954,0.684208166639655,-0.951794087984765,-0.760477448096768,-0.725922455997425,-1.11256615244482,-1.1635002855568,-1.14385820387516
"GOA",2012,18107533,"Chum","Chum","GOA","1989-2021",16.7118385974992,1.07011236466385,1.23948238516898,-0.569160808208772,0.0147652630097125,-0.30742118732178,-1.21443441866879,-0.411467952767587,-0.645167352659997
"GOA",2013,18552019,"Chum","Chum","GOA","1989-2021",16.7360891820653,1.10655997517346,1.31420587624398,0.598691334228197,0.366532040135504,0.0546344240207453,0.391498513133617,0.429581733726723,-0.118423650405115
"GOA",2014,9303299,"Chum","Chum","GOA","1989-2021",16.045879626404,0.0692039895401517,-0.240616202235778,0.134372746042811,-0.445810275893845,-0.0976430725198308,0.467664954319829,-0.404606709563031,-0.139238301997482
"GOA",2015,16095257,"Chum","Chum","GOA","1989-2021",16.5940351902794,0.893058789260353,0.901194367714142,-1.0259932978305,-0.193778364744144,-0.0843946611484926,-1.27687837344589,-0.619821653287786,-0.257326117418581
"GOA",2016,12244917,"Chum","Chum","GOA","1989-2021",16.3206214700686,0.482129446296947,0.253905484316899,0.638436568342211,1.52160871001143,0.672408040730787,0.0372350668703188,0.390548244458356,-0.165260628176393
"GOA",2017,21730210,"Chum","Chum","GOA","1989-2021",16.8942140162448,1.34421496251454,1.84849835524926,2.40478085168065,2.38040292641853,1.79974747372642,0.743861422046394,1.71001481266709,1.15242156406817
"GOA",2018,16563929,"Chum","Chum","GOA","1989-2021",16.6227379372342,0.93619781292849,0.979983818920933,2.35602500115641,2.87413784200532,2.7176855118971,2.67616820328779,2.44517002563238,1.87806715777039
"GOA",2019,16795570,"Chum","Chum","GOA","1989-2021",16.6366257191249,0.957070566070361,1.01892548231664,3.39225068285424,2.32287145563896,2.33392263747811,2.21417184797698,2.07891724498315,2.27800089775136
"GOA",2020,8037000,"Chum","Chum","GOA","1989-2021",15.8995664371949,-0.150698591289578,-0.453496432490001,1.25349222842368,1.759436598033,2.30370795964008,1.94366264198933,1.45677280168488,1.70923915044891
"GOA",2021,12488093,"Chum","Chum","GOA","1989-2021",16.3402861882989,0.511684692228754,0.29478632120637,2.26538096764232,2.81520991478936,2.29463735266747,0.969882961380434,1.87769581849806,1.89968475966181
"GOA",1989,3494255,"Coho","Coho","GOA","1989-2021",15.0666307492684,0.272542692769436,0.0610135226440033,0.246387936585449,0.364481083684233,0.445038572826594,1.13786799523676,0.413655142189655,0.871524820777203
"GOA",1990,4633044,"Coho","Coho","GOA","1989-2021",15.3487246614398,0.825316031638796,0.822468984447246,0.482574230783017,0.316429948156871,0.293082610966397,-0.310557710857444,-0.267392970811316,0.201027351204707
"GOA",1991,5085071,"Coho","Coho","GOA","1989-2021",15.4418195500025,1.00773887084989,1.12471850392147,0.150285665530726,-0.153780549017428,0.0583377109160535,-0.224228230765188,-0.511181405638767,-0.444306840711659
"GOA",1992,5799368,"Coho","Coho","GOA","1989-2021",15.5732595040622,1.2653002684254,1.60233582547944,-0.457846763565582,-0.328716757010865,-0.169049282830335,-0.798134580512346,-0.165381596118117,-0.184997141000474
"GOA",1993,5185760,"Coho","Coho","GOA","1989-2021",15.4614269655679,1.04616031881822,1.19204457485604,-0.199586750456149,0.396378289481954,0.111636605132775,0.467371388276113,0.172165549406765,-0.151267827232939
"GOA",1994,8160240,"Coho","Coho","GOA","1989-2021",15.9147841382725,1.93453028088946,3.18094158916204,0.992343329420056,0.648400196274283,0.365737880697472,-0.123040289462583,0.49004309588359,0.482485860014431
"GOA",1995,5626123,"Coho","Coho","GOA","1989-2021",15.5429311305729,1.20587071127145,1.48649491774315,0.30445706312851,-0.0255463087627484,0.313750237298186,1.10312648122976,0.0522872392427208,-0.00615527032571371
"GOA",1996,4637283,"Coho","Coho","GOA","1989-2021",15.3496391923502,0.827108088407912,0.825303407419881,-0.355549680654007,-0.230128776995739,-0.0519334969543228,-0.998552002744321,-0.792565065905238,-0.160667883526904
"GOA",1997,2806837,"Coho","Coho","GOA","1989-2021",14.847568784545,-0.156717239595961,-0.398631056502671,-0.104707873337472,0.797410995359201,0.413090770021465,-0.586578129066155,-0.695091264608693,-0.796244843987236
"GOA",1998,4067423,"Coho","Coho","GOA","1989-2021",15.2185201873491,0.57017560225196,0.444264418227681,1.69952986405587,1.3670150634231,0.876440751169574,-0.803604400151231,0.472871581043155,0.119721677673385
"GOA",1999,4512256,"Coho","Coho","GOA","1989-2021",15.3223078081392,0.773551241363766,0.741703643088759,1.03450026279032,0.0749233832990615,0.616458876884665,1.74934756223754,1.21932957566675,0.545018250394087
"GOA",2000,3622948,"Coho","Coho","GOA","1989-2021",15.1027986170279,0.343414952533267,0.147064571385996,-0.884653496192197,-0.576368696093525,-0.0394123764655768,0.689311589095952,0.0105103252535563,0.590122737581551
"GOA",2001,4664853,"Coho","Coho","GOA","1989-2021",15.3555668805131,0.838723610176342,0.843738189527818,-0.268083895994853,-0.104800636891533,-0.364751589991754,-0.668290938588839,-0.113367117906114,0.154192451094575
"GOA",2002,4891694,"Coho","Coho","GOA","1989-2021",15.403049222729,0.931766996479762,0.995416260189644,0.0584826222117884,0.269924121417097,0.0905881156131133,0.441556702776611,-0.198766091861684,-0.355274374104069
"GOA",2003,3703440,"Coho","Coho","GOA","1989-2021",15.1247726754132,0.386473923670453,0.200885843835472,0.481365620622405,1.09823550786576,0.751651212647767,-0.839088886499978,0.829551964694693,0.700220210721999
"GOA",2004,4748468,"Coho","Coho","GOA","1989-2021",15.3733325976722,0.87353618275505,0.899647667436964,1.71510539510911,1.48937362986964,1.15337096012056,2.49819281588936,1.36581494434887,0.630847000732587
"GOA",2005,4315676,"Coho","Coho","GOA","1989-2021",15.2777645330335,0.686267064563201,0.610259701602425,1.26364186463018,1.59020846063185,1.63184077212427,0.233437072808376,0.222216922714338,0.98087555377268
"GOA",2006,3824698,"Coho","Coho","GOA","1989-2021",15.1569900678774,0.449605082599025,0.281965452426122,1.91677505663353,0.910258574751269,1.0280530047109,0.2109967726203,0.10483480297196,0.147702226250766
"GOA",2007,3153167,"Coho","Coho","GOA","1989-2021",14.9639179025543,0.0712731127709004,-0.167056225619762,-0.0962579071309874,-0.376535189464862,0.3879015592346,-0.00132716667637936,-0.552950603594118,-0.298301478189312
"GOA",2008,3795191,"Coho","Coho","GOA","1989-2021",15.1492452969261,0.434428920644581,0.262235488129463,-0.656812471798737,-0.804303279891751,-0.568288155638163,-1.10457404051186,-1.10857009647834,-0.739489119877684
"GOA",2009,3738343,"Coho","Coho","GOA","1989-2021",15.1341530230876,0.40485505803736,0.224223863418835,-0.951794087984765,-0.760477448096768,-0.725922455997425,-1.11256615244482,-1.1635002855568,-1.14385820387516
"GOA",2010,3743356,"Coho","Coho","GOA","1989-2021",15.1354930932374,0.407480974510966,0.227575824344011,-0.569160808208772,0.0147652630097125,-0.30742118732178,-1.21443441866879,-0.411467952767587,-0.645167352659997
"GOA",2011,3168698,"Coho","Coho","GOA","1989-2021",14.9688313359306,0.08090116518717,-0.156671365230992,0.598691334228197,0.366532040135504,0.0546344240207453,0.391498513133617,0.429581733726723,-0.118423650405115
"GOA",2012,2729300,"Coho","Coho","GOA","1989-2021",14.819555724026,-0.211609856298839,-0.450476457311634,0.134372746042811,-0.445810275893845,-0.0976430725198308,0.467664954319829,-0.404606709563031,-0.139238301997482
"GOA",2013,5384189,"Coho","Coho","GOA","1989-2021",15.4989772537025,1.11974148187085,1.32472485700678,-1.0259932978305,-0.193778364744144,-0.0843946611484926,-1.27687837344589,-0.619821653287786,-0.257326117418581
"GOA",2014,5447265,"Coho","Coho","GOA","1989-2021",15.5106242058158,1.14256411054006,1.36690085687041,0.638436568342211,1.52160871001143,0.672408040730787,0.0372350668703188,0.390548244458356,-0.165260628176393
"GOA",2015,3352063,"Coho","Coho","GOA","1989-2021",15.0250865351569,0.191135285681754,-0.034063682197918,2.40478085168065,2.38040292641853,1.79974747372642,0.743861422046394,1.71001481266709,1.15242156406817
"GOA",2016,3450442,"Coho","Coho","GOA","1989-2021",15.0540128967434,0.247817549231669,0.0317177987232546,2.35602500115641,2.87413784200532,2.7176855118971,2.67616820328779,2.44517002563238,1.87806715777039
"GOA",2017,4705049,"Coho","Coho","GOA","1989-2021",15.3641467454001,0.855536169242723,0.870615393068284,3.39225068285424,2.32287145563896,2.33392263747811,2.21417184797698,2.07891724498315,2.27800089775136
"GOA",2018,3046474,"Coho","Coho","GOA","1989-2021",14.9294954142505,0.00382098789020938,-0.23839689328179,1.25349222842368,1.759436598033,2.30370795964008,1.94366264198933,1.45677280168488,1.70923915044891
"GOA",2019,3518160,"Coho","Coho","GOA","1989-2021",15.073448683632,0.285902684530278,0.0769976889947553,2.26538096764232,2.81520991478936,2.29463735266747,0.969882961380434,1.87769581849806,1.89968475966181
"GOA",2020,2219000,"Coho","Coho","GOA","1989-2021",14.6125672019147,-0.617211436263247,-0.791690432998258,3.3650388619364,2.44195169741264,2.3830947874892,2.78550867561568,2.24518039131084,1.82008124800071
"GOA",2021,2638312,"Coho","Coho","GOA","1989-2021",14.7856498766836,-0.278049604318814,-0.511315918843624,1.51886453288888,0.847609313996462,1.68675249664311,1.704852107006,1.16111771328837,1.70258136739747
"GOA",1990,86894063,"Pink even","Pink even","GOA","1989-2021",18.2802002679938,0.723023809942863,0.784019179410577,0.482574230783017,0.316429948156871,0.293082610966397,-0.310557710857444,-0.267392970811316,0.201027351204707
"GOA",1992,59411141,"Pink even","Pink even","GOA","1989-2021",17.8999923256685,0.0945597559995878,-0.173596414483993,-0.457846763565582,-0.328716757010865,-0.169049282830335,-0.798134580512346,-0.165381596118117,-0.184997141000474
"GOA",1994,114105962,"Pink even","Pink even","GOA","1989-2021",18.5526380658774,1.173349391934,1.73219124138725,0.992343329420056,0.648400196274283,0.365737880697472,-0.123040289462583,0.49004309588359,0.482485860014431
"GOA",1996,97257728,"Pink even","Pink even","GOA","1989-2021",18.3928750026013,0.909269315639897,1.14513097144999,-0.355549680654007,-0.230128776995739,-0.0519334969543228,-0.998552002744321,-0.792565065905238,-0.160667883526904
"GOA",1998,104127106,"Pink even","Pink even","GOA","1989-2021",18.461122883937,1.02207953184682,1.38448774338116,1.69952986405587,1.3670150634231,0.876440751169574,-0.803604400151231,0.472871581043155,0.119721677673385
"GOA",2000,74651046,"Pink even","Pink even","GOA","1989-2021",18.1283350939076,0.47199853578551,0.357423201169387,-0.884653496192197,-0.576368696093525,-0.0394123764655768,0.689311589095952,0.0105103252535563,0.590122737581551
"GOA",2002,87263636,"Pink even","Pink even","GOA","1989-2021",18.2844443933683,0.730039129565077,0.796896589894164,0.0584826222117884,0.269924121417097,0.0905881156131133,0.441556702776611,-0.198766091861684,-0.355274374104069
"GOA",2004,99864457,"Pink even","Pink even","GOA","1989-2021",18.4193243945262,0.952988791808203,1.23595989930043,1.71510539510911,1.48937362986964,1.15337096012056,2.49819281588936,1.36581494434887,0.630847000732587
"GOA",2006,71634107,"Pink even","Pink even","GOA","1989-2021",18.0870818732586,0.403809096793985,0.252300906231873,1.91677505663353,0.910258574751269,1.0280530047109,0.2109967726203,0.10483480297196,0.147702226250766
"GOA",2008,82905668,"Pink even","Pink even","GOA","1989-2021",18.2332139893003,0.645357922673828,0.645047448289296,-0.656812471798737,-0.804303279891751,-0.568288155638163,-1.10457404051186,-1.10857009647834,-0.739489119877684
"GOA",2010,106245494,"Pink even","Pink even","GOA","1989-2021",18.4812629554577,1.05537002787698,1.45830090570499,-0.569160808208772,0.0147652630097125,-0.30742118732178,-1.21443441866879,-0.411467952767587,-0.645167352659997
"GOA",2012,66281744,"Pink even","Pink even","GOA","1989-2021",18.0094250627896,0.27544640761622,0.0658030413765887,0.134372746042811,-0.445810275893845,-0.0976430725198308,0.467664954319829,-0.404606709563031,-0.139238301997482
"GOA",2014,94168012,"Pink even","Pink even","GOA","1989-2021",18.3605911065063,0.855905705998144,1.03747283297746,0.638436568342211,1.52160871001143,0.672408040730787,0.0372350668703188,0.390548244458356,-0.165260628176393
"GOA",2016,37181789,"Pink even","Pink even","GOA","1989-2021",17.4313296563673,-0.680115384344682,-0.948156489186801,2.35602500115641,2.87413784200532,2.7176855118971,2.67616820328779,2.44517002563238,1.87806715777039
"GOA",2018,40434524,"Pink even","Pink even","GOA","1989-2021",17.515194532463,-0.541491083936262,-0.834818112765012,1.25349222842368,1.759436598033,2.30370795964008,1.94366264198933,1.45677280168488,1.70923915044891
"GOA",2020,60549000,"Pink even","Pink even","GOA","1989-2021",17.9189635125504,0.125918146208383,-0.133948828173728,3.3650388619364,2.44195169741264,2.3830947874892,2.78550867561568,2.24518039131084,1.82008124800071
"GOA",1989,96814697,"Pink odd","Pink odd","GOA","1989-2021",18.3883093692344,0.369674061195088,0.0614736780295929,0.246387936585449,0.364481083684233,0.445038572826594,1.13786799523676,0.413655142189655,0.871524820777203
"GOA",1991,128231942,"Pink odd","Pink odd","GOA","1989-2021",18.6693512289826,0.668040699934057,0.599367406589609,0.150285665530726,-0.153780549017428,0.0583377109160535,-0.224228230765188,-0.511181405638767,-0.444306840711659
"GOA",1993,109214546,"Pink odd","Pink odd","GOA","1989-2021",18.5088248175323,0.497618664383288,0.273771128432745,-0.199586750456149,0.396378289481954,0.111636605132775,0.467371388276113,0.172165549406765,-0.151267827232939
"GOA",1995,128232013,"Pink odd","Pink odd","GOA","1989-2021",18.6693517826666,0.668041287749861,0.599368622178523,0.30445706312851,-0.0255463087627484,0.313750237298186,1.10312648122976,0.0522872392427208,-0.00615527032571371
"GOA",1997,71897988,"Pink odd","Pink odd","GOA","1989-2021",18.0907588389896,0.0537810776953633,-0.365124564669756,-0.104707873337472,0.797410995359201,0.413090770021465,-0.586578129066155,-0.695091264608693,-0.796244843987236
"GOA",1999,146071888,"Pink odd","Pink odd","GOA","1989-2021",18.7996094420532,0.806328659019141,0.90480459789169,1.03450026279032,0.0749233832990615,0.616458876884665,1.74934756223754,1.21932957566675,0.545018250394087
"GOA",2001,127838206,"Pink odd","Pink odd","GOA","1989-2021",18.6662760067173,0.664775906100577,0.592626264102153,-0.268083895994853,-0.104800636891533,-0.364751589991754,-0.668290938588839,-0.113367117906114,0.154192451094575
"GOA",2003,124227398,"Pink odd","Pink odd","GOA","1989-2021",18.6376242989492,0.634357968542907,0.530805726425017,0.481365620622405,1.09823550786576,0.751651212647767,-0.839088886499978,0.829551964694693,0.700220210721999
"GOA",2005,161190287,"Pink odd","Pink odd","GOA","1989-2021",18.898096131879,0.910886544560367,1.16364626296983,1.26364186463018,1.59020846063185,1.63184077212427,0.233437072808376,0.222216922714338,0.98087555377268
"GOA",2007,142919142,"Pink odd","Pink odd","GOA","1989-2021",18.7777895877429,0.783163723396475,0.850826526258016,-0.0962579071309874,-0.376535189464862,0.3879015592346,-0.00132716667637936,-0.552950603594118,-0.298301478189312
"GOA",2009,94641702,"Pink odd","Pink odd","GOA","1989-2021",18.3656087614118,0.345574078155458,0.0242698944803902,-0.951794087984765,-0.760477448096768,-0.725922455997425,-1.11256615244482,-1.1635002855568,-1.14385820387516
"GOA",2011,114736144,"Pink odd","Pink odd","GOA","1989-2021",18.5581456501588,0.549979871584842,0.368306245558054,0.598691334228197,0.366532040135504,0.0546344240207453,0.391498513133617,0.429581733726723,-0.118423650405115
"GOA",2013,223103659,"Pink odd","Pink odd","GOA","1989-2021",19.2231470599854,1.25597518340233,2.22366328587567,-1.0259932978305,-0.193778364744144,-0.0843946611484926,-1.27687837344589,-0.619821653287786,-0.257326117418581
"GOA",2015,191344902,"Pink odd","Pink odd","GOA","1989-2021",19.0695881272025,1.09295013558974,1.67992254039778,2.40478085168065,2.38040292641853,1.79974747372642,0.743861422046394,1.71001481266709,1.15242156406817
"GOA",2017,141651187,"Pink odd","Pink odd","GOA","1989-2021",18.7688781640151,0.773702956425875,0.829117905957404,3.39225068285424,2.32287145563896,2.33392263747811,2.21417184797698,2.07891724498315,2.27800089775136
"GOA",2019,107877271,"Pink odd","Pink odd","GOA","1989-2021",18.49650475929,0.484539138187011,0.250875682448857,2.26538096764232,2.81520991478936,2.29463735266747,0.969882961380434,1.87769581849806,1.89968475966181
"GOA",2021,160673038,"Pink odd","Pink odd","GOA","1989-2021",18.8948820381622,0.907474318567607,1.15479045803837,1.51886453288888,0.847609313996462,1.68675249664311,1.704852107006,1.16111771328837,1.70258136739747
"GOA",1989,13562437,"Sockeye","Sockeye","GOA","1989-2021",16.4228145440929,0.606745157067936,0.511832940910667,0.349705307180893,0.4225883774875,0.165397899596914,0.298401875672983,0.929466267663218,0.866590157954968
"GOA",1990,16603517,"Sockeye","Sockeye","GOA","1989-2021",16.6251250983559,0.984554877783942,1.13532718561724,0.495471447794107,0.406584961165816,0.387625076504175,1.56053065965346,1.12653292313997,0.850489240650971
"GOA",1991,16200707,"Sockeye","Sockeye","GOA","1989-2021",16.6005654412256,0.938690354130841,1.05274148688184,0.317698474537525,0.344812313065119,0.395032024641449,0.692535186626481,0.204588736343107,0.656569377446556
"GOA",1992,22613096,"Sockeye","Sockeye","GOA","1989-2021",16.9340397654417,1.56144501839927,2.3674348314567,0.371926151592714,0.16894830962628,0.218531697930028,-0.283357713940263,-0.336179531174314,0.00672537475928272
"GOA",1993,19772002,"Sockeye","Sockeye","GOA","1989-2021",16.7997774545621,1.31071362991149,1.78494250712772,-0.0340295323401529,-0.198110864221801,-0.0080985256169633,-0.389001348408366,-0.39920293616798,-0.360587862092074
"GOA",1994,14190937,"Sockeye","Sockeye","GOA","1989-2021",16.4681140793734,0.691340866052252,0.640690495726088,-0.36219219610345,-0.100343621686249,-0.0782389252375506,-0.409404523927594,-0.0588571853777376,-0.16890523972128
"GOA",1995,15763246,"Sockeye","Sockeye","GOA","1989-2021",16.5731915856532,0.887570387768239,0.963051503131466,0.161504952730951,0.464007700273571,0.188607734814563,0.291690153172119,0.264509609357936,0.0398715649294259
"GOA",1996,18608909,"Sockeye","Sockeye","GOA","1989-2021",16.7391510025045,1.19749530077713,1.54648058190428,0.766510447816189,0.436045764046992,0.344532160274978,0.237329065543752,0.34376778096551,0.326408571701046
"GOA",1997,16613298,"Sockeye","Sockeye","GOA","1989-2021",16.6257140169673,0.985654668039141,1.13733252490706,0.105581080277795,-0.074900993081987,0.205569487217405,0.450206496387265,-0.206687655902286,-0.0586820820869396
"GOA",1998,11457425,"Sockeye","Sockeye","GOA","1989-2021",16.2541485494134,0.291765780058787,0.0802550583695072,-0.25538306644177,0.0955852265011932,0.0989171777600604,-0.863581808191838,-0.745954391555318,-0.347234095574457
"GOA",1999,17113818,"Sockeye","Sockeye","GOA","1989-2021",16.6553967653354,1.04108643190276,1.23995111414527,0.446553519444154,0.955519636379051,0.551885402105444,-0.628326974918799,-0.325301250851137,-0.504728103298038
"GOA",2000,10892856,"Sockeye","Sockeye","GOA","1989-2021",16.2036177194784,0.197400763785615,-0.0354951100705683,1.46448575331394,0.956718479171945,0.786663492596014,-0.0222755267834751,0.686079320690054,0.247943888820436
"GOA",2001,11117551,"Sockeye","Sockeye","GOA","1989-2021",16.2240355887187,0.235530605816795,0.0105727471756545,0.448951205029941,-0.116128577668685,0.410742865992192,1.39443416816358,0.83971447644588,0.552384475369427
"GOA",2002,10044306,"Sockeye","Sockeye","GOA","1989-2021",16.1225164647454,0.0459462709043999,-0.209468185867904,-0.68120836036731,-0.423129700576378,-0.132436065374272,0.284994784728174,-0.023338116666623,0.449252644943445
"GOA",2003,14570916,"Sockeye","Sockeye","GOA","1989-2021",16.4945380451039,0.740686937735161,0.718595292577654,-0.165051040785445,0.0181656218668722,-0.214959038877855,-0.33167101806142,-0.128236835929812,0.00950703762285067
"GOA",2004,16064652,"Sockeye","Sockeye","GOA","1989-2021",16.5921318882993,0.922940912450276,1.02484695287959,0.201382284519191,0.529293134046916,0.297845075769461,0.0751973462017972,0.126284210532066,-0.0263675323324294
"GOA",2005,15604250,"Sockeye","Sockeye","GOA","1989-2021",16.5630538710133,0.868638468221207,0.930453514610491,0.85720398357464,1.21685081932639,0.87836130772399,0.177371074862334,0.978910177492245,0.677672567062095
"GOA",2006,10612113,"Sockeye","Sockeye","GOA","1989-2021",16.1775066425057,0.148639003754898,-0.0930541498661861,1.57649765507815,1.51155955275328,1.29344102969373,1.78044928012215,1.00745267174286,0.730758806116015
"GOA",2007,14113644,"Sockeye","Sockeye","GOA","1989-2021",16.4626525470421,0.681141595864598,0.624843579283211,1.44662145042841,1.36506481292768,1.43554242697784,0.234456063363557,0.183943858352418,0.716112332275664
"GOA",2008,9280451,"Sockeye","Sockeye","GOA","1989-2021",16.0434207027194,-0.101763016283787,-0.366076757918077,1.28350817542696,0.509692043874642,0.822001846059228,0.13343165334128,-0.104578702446142,0.00843288615709171
"GOA",2009,9820910,"Sockeye","Sockeye","GOA","1989-2021",16.1000243440617,0.0039428180209451,-0.255269716998446,-0.264124087677677,-0.502870815707614,0.0925888480039104,-0.342589058233564,-0.722859898434487,-0.437429381175897
"GOA",2010,9737725,"Sockeye","Sockeye","GOA","1989-2021",16.091518075441,-0.0119424183356149,-0.272324634575727,-0.741617543737553,-0.780432671625716,-0.608329810309703,-1.10313073863541,-1.11500045777139,-0.857529991258782
"GOA",2011,17062825,"Sockeye","Sockeye","GOA","1989-2021",16.6524126783471,1.03551372673298,1.22949632768114,-0.819247799513879,-0.516476137312947,-0.591523272787816,-1.12687017690737,-0.920994396174691,-0.981706510328269
"GOA",2012,13998335,"Sockeye","Sockeye","GOA","1989-2021",16.4544489519355,0.665821594456936,0.601202472221618,-0.213704475112015,0.111611952951569,-0.19867463120358,-0.715118615442016,-0.163011917134498,-0.484298003725456
"GOA",2013,13416652,"Sockeye","Sockeye","GOA","1989-2021",16.4120071799924,0.586562684495825,0.481943523840236,0.436928381015153,0.115706136050975,0.00590259899664487,0.389094781173022,0.164741730528016,-0.128545051461995
"GOA",2014,12898917,"Sockeye","Sockeye","GOA","1989-2021",16.3726539123192,0.513071476273723,0.37579544724141,-0.205516108913203,-0.345546692780818,-0.0847216681821611,-0.0596113201169883,-0.456720875794641,-0.174782323472087
"GOA",2015,15682420,"Sockeye","Sockeye","GOA","1989-2021",16.5680508977125,0.877970286170772,0.946480237060645,-0.485577276648433,0.346283255541882,0.162350134056854,-0.853830431472294,-0.291332504057882,-0.214092109410917
"GOA",2016,12995266,"Sockeye","Sockeye","GOA","1989-2021",16.3800956952595,0.526968813189975,0.395549300143416,1.1781437877322,1.78544263047368,1.02843599476631,0.271165423356531,0.803046903836444,0.250754458733532
"GOA",2017,10983339,"Sockeye","Sockeye","GOA","1989-2021",16.2118900461778,0.212849119662706,-0.0169439276801725,2.39274147321516,2.52368322654057,2.07517008027111,1.33492838431636,1.92806480935917,1.37576501402496
"GOA",2018,6275074,"Sockeye","Sockeye","GOA","1989-2021",15.6520958357413,-0.832552070966602,-0.982251032410528,2.65462497986598,2.69487712226793,2.59416523925034,2.52120123440199,2.32155414272508,1.99267888992217
"GOA",2019,9913645,"Sockeye","Sockeye","GOA","1989-2021",16.1094226489732,0.0214939090490664,-0.236256820664623,2.73512926466989,2.16197192679936,2.3261896111549,2.12190705104817,1.89215213893188,2.10183517075525
"GOA",2020,4870000,"Sockeye","Sockeye","GOA","1989-2021",15.3986044950588,-1.30594058485828,-1.27032485894151,1.58881458892883,2.08541399798983,2.30198575354985,1.6623972268156,1.59408612679735,1.77002643488096
"GOA",2021,12049338,"Sockeye","Sockeye","GOA","1989-2021",16.3045202786325,0.385833679865449,0.201611401795856,2.58201340705082,2.67754679379844,2.31463605884191,1.52577502677911,1.97811674771948,1.87287690741818
"NBC",1989,843800,"Chum","Chum","NBC","1989-2021",13.6456707786724,0.00939456203448519,-0.290905338801318,0.308431771333304,0.343613432131728,-0.108866793698922,-0.686449477173619,0.316821072349057,0.0913095490457623
"NBC",1990,1561700,"Chum","Chum","NBC","1989-2021",14.2612855294759,0.445739859708128,-0.112425543888825,0.378795092930152,0.0431690535383443,0.131589959469998,1.32009162187173,1.06759243765733,0.482911799380344
"NBC",1991,1048400,"Chum","Chum","NBC","1989-2021",13.8627757504314,0.163277706330427,-0.240038970171849,-0.292456985853463,0.0345086000197547,0.14927076432322,0.815093253442918,0.0462124864931343,0.470838864952667
"NBC",1992,743300,"Chum","Chum","NBC","1989-2021",13.5188550107134,-0.0804919521329356,-0.315891018406703,0.361474185892973,0.415374059448218,0.179430377680991,-0.72266828045665,-0.425992129424437,-0.012297001801985
"NBC",1993,1371700,"Chum","Chum","NBC","1989-2021",14.1315614044665,0.35379191357979,-0.15966215209801,0.469273933003463,0.235664609746944,0.277601135128953,-0.129315978392224,-0.333177436763528,-0.463007717994569
"NBC",1994,1477200,"Chum","Chum","NBC","1989-2021",14.2056589619605,0.406311968921911,-0.133433403855541,0.00205528649042443,0.58144376785736,0.544053822906061,-0.537038895134833,0.287770577528692,0.148741725555054
"NBC",1995,1817300,"Chum","Chum","NBC","1989-2021",14.4128624410694,0.55317697443507,-0.0488798751611002,1.1608322492243,1.10093345030182,0.734640729031352,1.11258005019222,0.708628638751239,0.293406127455882
"NBC",1996,920600,"Chum","Chum","NBC","1989-2021",13.7327809103653,0.0711378784418898,-0.271811804535711,1.04103465137934,1.14782623293994,1.15216157170139,0.30467722731026,0.705163864832273,0.840969259952254
"NBC",1997,629400,"Chum","Chum","NBC","1989-2021",13.3525222636124,-0.198387944637822,-0.344208121959472,1.25461781450054,1.26095199112701,1.18764621121112,1.10565050235429,0.535287591781602,0.458417470291155
"NBC",1998,1553300,"Chum","Chum","NBC","1989-2021",14.255892257976,0.441917130225113,-0.114513899199125,1.26728616775347,0.692979375155242,0.880192188270342,-0.0350753187910818,0.27607535186017,0.552600402024875
"NBC",1999,674000,"Chum","Chum","NBC","1989-2021",13.4209853898944,-0.149861551827719,-0.333119949716685,0.118672582557014,0.864271472552174,0.998609704285939,0.587226022511422,0.11488534898854,0.0648984597286664
"NBC",2000,317900,"Chum","Chum","NBC","1989-2021",12.6694921468989,-0.682516986718781,-0.421651298049794,1.60987036254733,1.59383487171732,1.10211410866388,-0.357455324534341,0.954452005522055,0.832043344518511
"NBC",2001,616500,"Chum","Chum","NBC","1989-2021",13.3318136015865,-0.213066162280143,-0.347415239043149,1.5777993808873,0.335066181132177,0.760000908270563,2.26635933557845,1.34113078166121,0.774935412929357
"NBC",2002,955000,"Chum","Chum","NBC","1989-2021",13.7694666194629,0.0971405637831065,-0.263259492312574,-0.907667018622948,-0.427246139968992,0.241102366983106,0.41590222774396,0.113915062233414,0.83139648668176
"NBC",2003,1426000,"Chum","Chum","NBC","1989-2021",14.1703838799564,0.381309130478747,-0.146162426699279,0.053174738684964,-0.294484912576833,-0.498878947925538,-0.188072103277132,0.0721447071863352,0.18673054737221
"NBC",2004,1570400,"Chum","Chum","NBC","1989-2021",14.2668409219444,0.449677499891661,-0.110262604460299,-0.64214456383863,-0.179821947599122,-0.102156385504427,0.332361517649802,-0.138754479497174,-0.155193687423826
"NBC",2005,753400,"Chum","Chum","NBC","1989-2021",13.5323515742401,-0.0709256413485704,-0.313380019759794,0.282500668640386,0.834831477440639,0.342506130347549,-0.60987047664415,0.622252902331337,0.525622440770825
"NBC",2006,571300,"Chum","Chum","NBC","1989-2021",13.2556697447126,-0.267036626519878,-0.358652579522386,1.38716228624089,1.37931635806341,1.01371112825574,1.85437628130682,1.10180008293016,0.531243229738721
"NBC",2007,297400,"Chum","Chum","NBC","1989-2021",12.6028333130082,-0.729764504226525,-0.426747879461837,1.37147042988594,1.46385997965189,1.43829408184823,0.34922388455349,0.439381118304106,0.911046172638346
"NBC",2008,31400,"Chum","Chum","NBC","1989-2021",10.3545631718963,-2.32332947760262,-0.492879130954696,1.55624952941785,0.912395326092796,1.06542036069051,0.529538352054723,0.57794259431881,0.501703024397037
"NBC",2009,133900,"Chum","Chum","NBC","1989-2021",11.8048485316793,-1.29537295739225,-0.467396223894478,0.268541122767739,-0.0975174620262595,0.453738201788445,0.626346836582898,0.108226752065483,0.248663952061896
"NBC",2010,39100,"Chum","Chum","NBC","1989-2021",10.5738777459735,-2.16788017593314,-0.490964805253587,-0.463576046820258,-1.08672168625269,-0.634967416579214,-0.409893332451932,-0.905625785026562,-0.394968244490076
"NBC",2011,353400,"Chum","Chum","NBC","1989-2021",12.7753558388677,-0.607481221047673,-0.412825510726499,-1.70986732568512,-1.30434835326592,-1.02409091778403,-1.40135823760119,-1.35881745467345,-1.04250941393294
"NBC",2012,381400,"Chum","Chum","NBC","1989-2021",12.8516039721485,-0.553436846103752,-0.405864326358829,-0.898829380846713,-0.343420694372984,-0.798902904810364,-1.3162766717457,-0.497367946050791,-0.798698043234258
"NBC",2013,601900,"Chum","Chum","NBC","1989-2021",13.3078465975359,-0.230053879847316,-0.351044999463433,0.211987992100746,-0.0198882071520382,-0.312868598383597,0.321540779644119,0.156855469259469,-0.334188577742254
"NBC",2014,261000,"Chum","Chum","NBC","1989-2021",12.4722756863048,-0.822303233055037,-0.435797419139808,-0.251764406404822,-0.435507350399768,-0.219675569566263,-0.00782984112517998,-0.493923219148266,-0.222101886217471
"NBC",2015,1210800,"Chum","Chum","NBC","1989-2021",14.0067918561297,0.26535575177801,-0.199664100839367,-0.619250294394714,0.0322384728427914,-0.0624291535730799,-0.980016597171351,-0.594252072385755,-0.398777995298896
"NBC",2016,572700,"Chum","Chum","NBC","1989-2021",13.2581172983819,-0.265301810170773,-0.358304520304003,0.683727240080296,1.29634234273702,0.657811463693109,-0.208487547600158,-0.18091781571973,-0.447284076203604
"NBC",2017,394100,"Chum","Chum","NBC","1989-2021",12.8843599631831,-0.530219529364754,-0.402706932020637,1.90895744539374,2.44803240881472,1.85993068590324,-0.153348083839302,1.40207137347476,0.865218399783122
"NBC",2018,502600,"Chum","Chum","NBC","1989-2021",13.1275499040916,-0.357847462226244,-0.375732342595918,2.98710737223569,2.78607371367104,2.49370162424527,2.95749083078883,2.60219116900714,1.68367808472499
"NBC",2019,168100,"Chum","Chum","NBC","1989-2021",12.0323143193967,-1.13414610777148,-0.458893634416825,2.58504005510638,1.76219611765983,2.17049986918512,2.24689150722545,1.70936342066488,2.12540589070619
"NBC",2020,14900,"Chum","Chum","NBC","1989-2021",9.60911649193355,-2.8516991325591,-0.496981257457073,0.939352180213277,1.33992465294239,1.75496312033039,1.17183533410431,0.869971889724883,1.3289450955584
"NBC",2021,14354,"Chum","Chum","NBC","1989-2021",9.57178392799002,-2.87816030605372,-0.497117000552242,1.7404971256715,1.84416878079606,1.54256324726847,0.568108445345455,1.02560213752082,1.07434653638198
"NBC",1989,800300,"Coho","Coho","NBC","1989-2021",13.5927419363551,0.338785174585271,-0.218956780376123,-0.292456985853463,0.0345086000197547,0.14927076432322,0.815093253442918,0.0462124864931343,0.470838864952667
"NBC",1990,1409900,"Coho","Coho","NBC","1989-2021",14.1590293378535,0.660685455887354,-0.0410784182334932,0.361474185892973,0.415374059448218,0.179430377680991,-0.72266828045665,-0.425992129424437,-0.012297001801985
"NBC",1991,1295800,"Coho","Coho","NBC","1989-2021",14.074638822998,0.612714530877678,-0.0743722520925387,0.469273933003463,0.235664609746944,0.277601135128953,-0.129315978392224,-0.333177436763528,-0.463007717994569
"NBC",1992,789000,"Coho","Coho","NBC","1989-2021",13.578521599828,0.33070176973434,-0.222254066288544,0.00205528649042443,0.58144376785736,0.544053822906061,-0.537038895134833,0.287770577528692,0.148741725555054
"NBC",1993,526300,"Coho","Coho","NBC","1989-2021",13.1736266713419,0.100543388967566,-0.298908668871991,1.1608322492243,1.10093345030182,0.734640729031352,1.11258005019222,0.708628638751239,0.293406127455882
"NBC",1994,1035200,"Coho","Coho","NBC","1989-2021",13.8501052027288,0.485080691002022,-0.150414084727659,1.04103465137934,1.14782623293994,1.15216157170139,0.30467722731026,0.705163864832273,0.840969259952254
"NBC",1995,452900,"Coho","Coho","NBC","1989-2021",13.0234266295443,0.0151637114781943,-0.320326437542052,1.25461781450054,1.26095199112701,1.18764621121112,1.10565050235429,0.535287591781602,0.458417470291155
"NBC",1996,501400,"Coho","Coho","NBC","1989-2021",13.1251594647063,0.0729927010860653,-0.306174369687856,1.26728616775347,0.692979375155242,0.880192188270342,-0.0350753187910818,0.27607535186017,0.552600402024875
"NBC",1997,214300,"Coho","Coho","NBC","1989-2021",12.2751321814617,-0.410196613857077,-0.389948775480424,0.118672582557014,0.864271472552174,0.998609704285939,0.587226022511422,0.11488534898854,0.0648984597286664
"NBC",1998,1000,"Coho","Coho","NBC","1989-2021",6.90775527898214,-3.46122711566775,-0.452188694517535,1.60987036254733,1.59383487171732,1.10211410866388,-0.357455324534341,0.954452005522055,0.832043344518511
"NBC",1999,4200,"Coho","Coho","NBC","1989-2021",8.34283980427146,-2.64546799554494,-0.451254949834371,1.5777993808873,0.335066181132177,0.760000908270563,2.26635933557845,1.34113078166121,0.774935412929357
"NBC",2000,9200,"Coho","Coho","NBC","1989-2021",9.12695876303713,-2.19974359353082,-0.449795973766929,-0.907667018622948,-0.427246139968992,0.241102366983106,0.41590222774396,0.113915062233414,0.83139648668176
"NBC",2001,11500,"Coho","Coho","NBC","1989-2021",9.35010231435134,-2.07289992413479,-0.449124844775905,0.053174738684964,-0.294484912576833,-0.498878947925538,-0.188072103277132,0.0721447071863352,0.18673054737221
"NBC",2002,125800,"Coho","Coho","NBC","1989-2021",11.7424486232485,-0.712995134149306,-0.415772651874162,-0.64214456383863,-0.179821947599122,-0.102156385504427,0.332361517649802,-0.138754479497174,-0.155193687423826
"NBC",2003,239100,"Coho","Coho","NBC","1989-2021",12.3846371534464,-0.347949632567008,-0.382712254185907,0.282500668640386,0.834831477440639,0.342506130347549,-0.60987047664415,0.622252902331337,0.525622440770825
"NBC",2004,349600,"Coho","Coho","NBC","1989-2021",12.7645449227635,-0.131994946857147,-0.35046888309542,1.38716228624089,1.37931635806341,1.01371112825574,1.85437628130682,1.10180008293016,0.531243229738721
"NBC",2005,410600,"Coho","Coho","NBC","1989-2021",12.925374783567,-0.0405728574773954,-0.332669375072618,1.37147042988594,1.46385997965189,1.43829408184823,0.34922388455349,0.439381118304106,0.911046172638346
"NBC",2006,144400,"Coho","Coho","NBC","1989-2021",11.8803425054409,-0.634610767218095,-0.410345260903274,1.55624952941785,0.912395326092796,1.06542036069051,0.529538352054723,0.57794259431881,0.501703024397037
"NBC",2007,269400,"Coho","Coho","NBC","1989-2021",12.5039525429584,-0.280126019776128,-0.373870859217204,0.268541122767739,-0.0975174620262595,0.453738201788445,0.626346836582898,0.108226752065483,0.248663952061896
"NBC",2008,76700,"Coho","Coho","NBC","1989-2021",11.2476569873553,-0.994254378763439,-0.43009979685645,-0.463576046820258,-1.08672168625269,-0.634967416579214,-0.409893332451932,-0.905625785026562,-0.394968244490076
"NBC",2009,238400,"Coho","Coho","NBC","1989-2021",12.3817052141733,-0.349616263458441,-0.382916510835349,-1.70986732568512,-1.30434835326592,-1.02409091778403,-1.40135823760119,-1.35881745467345,-1.04250941393294
"NBC",2010,139200,"Coho","Coho","NBC","1989-2021",11.8436670268825,-0.655458567881862,-0.411862596013415,-0.898829380846713,-0.343420694372984,-0.798902904810364,-1.3162766717457,-0.497367946050791,-0.798698043234258
"NBC",2011,323900,"Coho","Coho","NBC","1989-2021",12.6881901051594,-0.175398061954705,-0.357968020082077,0.211987992100746,-0.0198882071520382,-0.312868598383597,0.321540779644119,0.156855469259469,-0.334188577742254
"NBC",2012,216100,"Coho","Coho","NBC","1989-2021",12.283496542495,-0.405441978379737,-0.389423544096144,-0.251764406404822,-0.435507350399768,-0.219675569566263,-0.00782984112517998,-0.493923219148266,-0.222101886217471
"NBC",2013,445300,"Coho","Coho","NBC","1989-2021",13.0065034913098,0.0055439266413958,-0.322544081164565,-0.619250294394714,0.0322384728427914,-0.0624291535730799,-0.980016597171351,-0.594252072385755,-0.398777995298896
"NBC",2014,216400,"Coho","Coho","NBC","1989-2021",12.2848838259545,-0.404653391286553,-0.389336005532098,0.683727240080296,1.29634234273702,0.657811463693109,-0.208487547600158,-0.18091781571973,-0.447284076203604
"NBC",2015,277100,"Coho","Coho","NBC","1989-2021",12.5321337308511,-0.264106711760312,-0.371624036073342,1.90895744539374,2.44803240881472,1.85993068590324,-0.153348083839302,1.40207137347476,0.865218399783122
"NBC",2016,257600,"Coho","Coho","NBC","1989-2021",12.4591632732123,-0.305586022051344,-0.377314042736369,2.98710737223569,2.78607371367104,2.49370162424527,2.95749083078883,2.60219116900714,1.68367808472499
"NBC",2017,353600,"Coho","Coho","NBC","1989-2021",12.7759216097456,-0.125527985504773,-0.349301702241466,2.58504005510638,1.76219611765983,2.17049986918512,2.24689150722545,1.70936342066488,2.12540589070619
"NBC",2018,177700,"Coho","Coho","NBC","1989-2021",12.0878520141427,-0.516654109437513,-0.400628480294105,0.939352180213277,1.33992465294239,1.75496312033039,1.17183533410431,0.869971889724883,1.3289450955584
"NBC",2019,179800,"Coho","Coho","NBC","1989-2021",12.0996004010197,-0.509975859081742,-0.400015710345779,1.7404971256715,1.84416878079606,1.54256324726847,0.568108445345455,1.02560213752082,1.07434653638198
"NBC",2020,89600,"Coho","Coho","NBC","1989-2021",11.403110598963,-0.905888363249877,-0.426335638602448,1.94784043592062,1.61781649842681,1.65871004084171,1.48309582969619,1.05821634524632,0.894847045279362
"NBC",2021,67360,"Coho","Coho","NBC","1989-2021",11.1178066489162,-1.06806647551879,-0.432825164150434,1.28779256093301,0.842439256155369,1.21090631607712,0.633336860796444,0.545125883755897,0.85778253240266
"NBC",1990,12760100,"Pink even","Pink even","NBC","1989-2021",16.3618336728408,0.82047272341806,0.274834335773313,0.361474185892973,0.415374059448218,0.179430377680991,-0.72266828045665,-0.425992129424437,-0.012297001801985
"NBC",1992,8936900,"Pink even","Pink even","NBC","1989-2021",16.0056993308638,0.568047076430129,-0.0119820295192593,0.00205528649042443,0.58144376785736,0.544053822906061,-0.537038895134833,0.287770577528692,0.148741725555054
"NBC",1994,1969000,"Pink even","Pink even","NBC","1989-2021",14.4930363576213,-0.504118352985349,-0.534713707621925,1.04103465137934,1.14782623293994,1.15216157170139,0.30467722731026,0.705163864832273,0.840969259952254
"NBC",1996,5638100,"Pink even","Pink even","NBC","1989-2021",15.545057687285,0.241547350892721,-0.259457920350797,1.26728616775347,0.692979375155242,0.880192188270342,-0.0350753187910818,0.27607535186017,0.552600402024875
"NBC",1998,2325000,"Pink even","Pink even","NBC","1989-2021",14.6592305970036,-0.386320984248426,-0.508006596813138,1.60987036254733,1.59383487171732,1.10211410866388,-0.357455324534341,0.954452005522055,0.832043344518511
"NBC",2000,3077400,"Pink even","Pink even","NBC","1989-2021",14.9395956426054,-0.187600109322523,-0.451561568238611,-0.907667018622948,-0.427246139968992,0.241102366983106,0.41590222774396,0.113915062233414,0.83139648668176
"NBC",2002,5204000,"Pink even","Pink even","NBC","1989-2021",15.4649381186145,0.184759134834247,-0.292024091143198,-0.64214456383863,-0.179821947599122,-0.102156385504427,0.332361517649802,-0.138754479497174,-0.155193687423826
"NBC",2004,2248300,"Pink even","Pink even","NBC","1989-2021",14.6256849330491,-0.410097927186157,-0.513760628832896,1.38716228624089,1.37931635806341,1.01371112825574,1.85437628130682,1.10180008293016,0.531243229738721
"NBC",2006,730200,"Pink even","Pink even","NBC","1989-2021",13.5010737482037,-1.20721483640791,-0.62764845163857,1.55624952941785,0.912395326092796,1.06542036069051,0.529538352054723,0.57794259431881,0.501703024397037
"NBC",2008,216800,"Pink even","Pink even","NBC","1989-2021",12.2867305485476,-2.06793319941914,-0.666163706383602,-0.463576046820258,-1.08672168625269,-0.634967416579214,-0.409893332451932,-0.905625785026562,-0.394968244490076
"NBC",2010,578300,"Pink even","Pink even","NBC","1989-2021",13.2678480441463,-1.37252366035921,-0.639043985716814,-0.898829380846713,-0.343420694372984,-0.798902904810364,-1.3162766717457,-0.497367946050791,-0.798698043234258
"NBC",2012,778600,"Pink even","Pink even","NBC","1989-2021",13.5652527141585,-1.16172521326675,-0.624017484888162,-0.251764406404822,-0.435507350399768,-0.219675569566263,-0.00782984112517998,-0.493923219148266,-0.222101886217471
"NBC",2014,3652300,"Pink even","Pink even","NBC","1989-2021",15.110867664092,-0.0662036424873332,-0.408432585081387,0.683727240080296,1.29634234273702,0.657811463693109,-0.208487547600158,-0.18091781571973,-0.447284076203604
"NBC",2016,1758300,"Pink even","Pink even","NBC","1989-2021",14.3798579911326,-0.584338424510413,-0.55052041618207,2.98710737223569,2.78607371367104,2.49370162424527,2.95749083078883,2.60219116900714,1.68367808472499
"NBC",2018,198600,"Pink even","Pink even","NBC","1989-2021",12.1990480305932,-2.13008198350243,-0.667529069913715,0.939352180213277,1.33992465294239,1.75496312033039,1.17183533410431,0.869971889724883,1.3289450955584
"NBC",2020,1916700,"Pink even","Pink even","NBC","1989-2021",14.4661155152585,-0.523199666551305,-0.538637252271643,1.94784043592062,1.61781649842681,1.65871004084171,1.48309582969619,1.05821634524632,0.894847045279362
"NBC",1989,7904900,"Pink odd","Pink odd","NBC","1989-2021",15.8829933783243,0.571999506391228,0.400805367292116,-0.292456985853463,0.0345086000197547,0.14927076432322,0.815093253442918,0.0462124864931343,0.470838864952667
"NBC",1991,17151500,"Pink odd","Pink odd","NBC","1989-2021",16.6575961913084,1.24510504244313,2.5155857873587,0.469273933003463,0.235664609746944,0.277601135128953,-0.129315978392224,-0.333177436763528,-0.463007717994569
"NBC",1993,4860800,"Pink odd","Pink odd","NBC","1989-2021",15.3967135913836,0.149437631875181,-0.295407627400495,1.1608322492243,1.10093345030182,0.734640729031352,1.11258005019222,0.708628638751239,0.293406127455882
"NBC",1995,7983800,"Pink odd","Pink odd","NBC","1989-2021",15.8929250465595,0.580629814413948,0.418850505520574,1.25461781450054,1.26095199112701,1.18764621121112,1.10565050235429,0.535287591781602,0.458417470291155
"NBC",1997,2371900,"Pink odd","Pink odd","NBC","1989-2021",14.679201879695,-0.474057528772508,-0.864641398462693,0.118672582557014,0.864271472552174,0.998609704285939,0.587226022511422,0.11488534898854,0.0648984597286664
"NBC",1999,6048500,"Pink odd","Pink odd","NBC","1989-2021",15.615320865382,0.339400492689891,-0.0237699762732602,1.5777993808873,0.335066181132177,0.760000908270563,2.26635933557845,1.34113078166121,0.774935412929357
"NBC",2001,5525200,"Pink odd","Pink odd","NBC","1989-2021",15.5248300038079,0.260766773748199,-0.143453383560354,0.053174738684964,-0.294484912576833,-0.498878947925538,-0.188072103277132,0.0721447071863352,0.18673054737221
"NBC",2003,9321200,"Pink odd","Pink odd","NBC","1989-2021",16.0478019337383,0.715212969056728,0.724725890396858,0.282500668640386,0.834831477440639,0.342506130347549,-0.60987047664415,0.622252902331337,0.525622440770825
"NBC",2005,7959200,"Pink odd","Pink odd","NBC","1989-2021",15.8898390502573,0.577948180471465,0.413224264704097,1.37147042988594,1.46385997965189,1.43829408184823,0.34922388455349,0.439381118304106,0.911046172638346
"NBC",2007,6544500,"Pink odd","Pink odd","NBC","1989-2021",15.6941355602139,0.407887989151728,0.0896696759614019,0.268541122767739,-0.0975174620262595,0.453738201788445,0.626346836582898,0.108226752065483,0.248663952061896
"NBC",2009,8389000,"Pink odd","Pink odd","NBC","1989-2021",15.9424318818284,0.623649700649022,0.511523382709052,-1.70986732568512,-1.30434835326592,-1.02409091778403,-1.40135823760119,-1.35881745467345,-1.04250941393294
"NBC",2011,1302900,"Pink odd","Pink odd","NBC","1989-2021",14.080103107191,-0.994655561280112,-1.10913129410554,0.211987992100746,-0.0198882071520382,-0.312868598383597,0.321540779644119,0.156855469259469,-0.334188577742254
"NBC",2013,9456500,"Pink odd","Pink odd","NBC","1989-2021",16.0622128937106,0.727735641030804,0.755670214887483,-0.619250294394714,0.0322384728427914,-0.0624291535730799,-0.980016597171351,-0.594252072385755,-0.398777995298896
"NBC",2015,1151000,"Pink odd","Pink odd","NBC","1989-2021",13.956141687704,-1.10237414468174,-1.14387218760241,1.90895744539374,2.44803240881472,1.85993068590324,-0.153348083839302,1.40207137347476,0.865218399783122
"NBC",2017,1609500,"Pink odd","Pink odd","NBC","1989-2021",14.291434129721,-0.811015534649632,-1.03900912197823,2.58504005510638,1.76219611765983,2.17049986918512,2.24689150722545,1.70936342066488,2.12540589070619
"NBC",2019,128000,"Pink odd","Pink odd","NBC","1989-2021",11.7597855429018,-3.01093870890371,-1.3778414703364,1.7404971256715,1.84416878079606,1.54256324726847,0.568108445345455,1.02560213752082,1.07434653638198
"NBC",2021,241502,"Pink odd","Pink odd","NBC","1989-2021",12.394633033614,-2.45927616213234,-1.35188254411072,1.28779256093301,0.842439256155369,1.21090631607712,0.633336860796444,0.545125883755897,0.85778253240266
"NBC",1989,1752200,"Sockeye","Sockeye","NBC","1989-2021",14.3763826992144,0.265598762244966,-0.229396174137166,0.351968310700408,0.133811640405694,0.0587905632908701,0.708705732062172,0.83229395803598,0.36411549212894
"NBC",1990,2669600,"Sockeye","Sockeye","NBC","1989-2021",14.7974392064193,0.480254350408004,-0.0450337083486095,-0.0843450298890193,0.040063919517424,0.144032049911752,0.955882184009779,0.351805402773401,0.470772179202991
"NBC",1991,3123100,"Sockeye","Sockeye","NBC","1989-2021",14.9543366562457,0.560241035799317,0.0461025225595118,0.164472868923868,0.298685768680765,0.17100883582417,-0.25227137846298,-0.281826200454337,0.130743261033702
"NBC",1992,4343300,"Sockeye","Sockeye","NBC","1989-2021",15.2841449858064,0.728378090449963,0.291316257849676,0.432898668437663,0.292478719168326,0.249810102420173,-0.311381022445694,-0.356520107341107,-0.321770531048398
"NBC",1993,4826000,"Sockeye","Sockeye","NBC","1989-2021",15.3895285251671,0.782102864291711,0.38832057683391,0.152058769898988,0.480600459001025,0.464699862146571,-0.401659192236521,0.102730043239125,-0.035306978655814
"NBC",1994,2438500,"Sockeye","Sockeye","NBC","1989-2021",14.7068936541322,0.434094016939349,-0.0914760081564746,0.809142148103064,0.94376580506251,0.679863460008001,0.607119278714773,0.580847935570189,0.253345559634619
"NBC",1995,3556900,"Sockeye","Sockeye","NBC","1989-2021",15.0843999369565,0.626547599269232,0.133279803635461,1.07838946202196,1.13422738987995,1.02586564262098,0.554576592425606,0.704780759818824,0.672226932784139
"NBC",1996,4818600,"Sockeye","Sockeye","NBC","1989-2021",15.3879939874046,0.781320553365904,0.386833458622841,1.19006531773793,1.22248675770101,1.17445432580799,0.854984927212044,0.584841024006067,0.574752880145913
"NBC",1997,2438100,"Sockeye","Sockeye","NBC","1989-2021",14.7067296054094,0.434010384518318,-0.0915563929246405,1.25490819766407,0.866238087944869,0.974180497875891,0.314697120800094,0.353483490187122,0.520650635862095
"NBC",1998,395700,"Sockeye","Sockeye","NBC","1989-2021",12.8884116273735,-0.492972356192015,-0.502001019179871,0.477567978225662,0.817997231801621,0.963634220422438,0.392269859574152,0.169999938330722,0.218232332487179
"NBC",1999,445600,"Sockeye","Sockeye","NBC","1989-2021",13.0071769675952,-0.432425509100385,-0.491973019351171,1.15842648537758,1.36350593070635,1.06819327987945,-0.0522699829127076,0.70304755041322,0.599454986800197
"NBC",2000,2392600,"Sockeye","Sockeye","NBC","1989-2021",14.6878911987189,0.424406520906187,-0.100700160303515,1.56858537603512,0.710443667175812,0.859771273243066,1.45836508373915,1.21460823302988,0.792315494382352
"NBC",2001,2206400,"Sockeye","Sockeye","NBC","1989-2021",14.6068727860212,0.38310314539224,-0.138119269884755,-0.147698041683502,-0.194804665683359,0.392992014889468,0.970851382320617,0.485183203653999,0.809577163682381
"NBC",2002,1293600,"Sockeye","Sockeye","NBC","1989-2021",14.072939587245,0.110902756936326,-0.321557310839403,-0.241911289683217,-0.333525185520958,-0.271582804241806,-0.000484975012622361,0.0837810199375466,0.379471140731903
"NBC",2003,1194600,"Sockeye","Sockeye","NBC","1989-2021",13.9933219592803,0.0703135047422253,-0.34145254096047,-0.425139081358699,-0.207150764561233,-0.218737606268561,0.168047014887715,-0.0692546257550603,-0.0463314088409139
"NBC",2004,659100,"Sockeye","Sockeye","NBC","1989-2021",13.3986305470408,-0.232861562464759,-0.449067649342607,0.0108375522362327,0.53143082742988,0.21257419116702,-0.306556266397836,0.395349989105882,0.319582331033159
"NBC",2005,205200,"Sockeye","Sockeye","NBC","1989-2021",12.2317403922788,-0.827744881463593,-0.540284265018894,1.05202410262353,1.2145628680445,0.813321096108417,1.0972562446096,0.951334195911101,0.532037375141454
"NBC",2006,1255400,"Sockeye","Sockeye","NBC","1989-2021",14.0429648048656,0.0956215430573718,-0.329234056199249,1.37710163346549,1.43395745102767,1.30664633489296,0.805412147212599,0.640848882856318,0.792984670107411
"NBC",2007,643400,"Sockeye","Sockeye","NBC","1989-2021",13.3745218937871,-0.245152210051126,-0.45222275149312,1.49081326858986,1.07197875751966,1.17368638283494,0.476285618500035,0.532804001186459,0.623673383195173
"NBC",2008,738700,"Sockeye","Sockeye","NBC","1989-2021",13.5126471635168,-0.174735625800137,-0.433071080477587,0.653144246449463,0.20136669998172,0.631182222851099,0.589322383872883,0.242994630019325,0.320758292846229
"NBC",2009,169700,"Sockeye","Sockeye","NBC","1989-2021",12.0417874512223,-0.924583333281951,-0.54741841319362,-0.250410846486024,-0.788236250206137,-0.30777608465427,-0.103333123834232,-0.601641694192349,-0.204653668170605
"NBC",2010,142900,"Sockeye","Sockeye","NBC","1989-2021",11.869900363918,-1.01221177077572,-0.552804192660737,-1.32606165392625,-1.23092771148735,-0.904088756486904,-1.09995026455046,-1.21476119545687,-0.844285171582652
"NBC",2011,531900,"Sockeye","Sockeye","NBC","1989-2021",13.1842107807304,-0.342173258789506,-0.474630005619372,-1.13579376904844,-0.632027217366213,-0.863372029552892,-1.32957212636326,-0.753306246353164,-0.86885425241893
"NBC",2012,655300,"Sockeye","Sockeye","NBC","1989-2021",13.3928484250276,-0.235809301735713,-0.449831304640183,-0.128260665683985,-0.121366658793009,-0.459509028878153,-0.177040366343064,-0.0464808437993223,-0.474177937987302
"NBC",2013,155000,"Sockeye","Sockeye","NBC","1989-2021",11.9511803959014,-0.970775021140539,-0.550372553423718,-0.114472651902031,-0.306310356250816,-0.246960459395205,0.0840786787444208,-0.297814480205175,-0.257556442251138
"NBC",2014,702200,"Sockeye","Sockeye","NBC","1989-2021",13.4619735427165,-0.200569155721,-0.440406190572728,-0.4981480605996,-0.0999715170751118,-0.104805228684085,-0.679707639154769,-0.560537530733334,-0.345665460907415
"NBC",2015,227800,"Sockeye","Sockeye","NBC","1989-2021",12.3362233299952,-0.77447923643791,-0.535742525617519,0.298205026449376,0.921691004021098,0.448411315814199,-0.441367422311898,-0.294437710533861,-0.422861020074164
"NBC",2016,233900,"Sockeye","Sockeye","NBC","1989-2021",12.3626489525723,-0.76100739249348,-0.534516657902989,1.54517698159282,2.10110224230199,1.50013650368445,-0.147507998755824,0.93120432256207,0.473680407604082
"NBC",2017,39400,"Sockeye","Sockeye","NBC","1989-2021",10.581521095286,-1.66903052301666,-0.573603751423671,2.65702750301115,2.67564377695393,2.29882151183356,2.00991664387997,2.23139951732024,1.43843034529488
"NBC",2018,124200,"Sockeye","Sockeye","NBC","1989-2021",11.7296484484815,-1.08371252396168,-0.556562180572495,2.69426005089671,2.06909258925391,2.26507089383966,2.45288239076051,1.97311959467249,1.98538527774165
"NBC",2019,22600,"Sockeye","Sockeye","NBC","1989-2021",10.0257051852604,-1.95238676864017,-0.57697991168664,1.4439251276111,1.47199196694727,1.87941466159709,1.49335679858447,1.12577074299764,1.56814129225193
"NBC",2020,26600,"Sockeye","Sockeye","NBC","1989-2021",10.1886664947698,-1.86930871345757,-0.576176064004981,1.50005880628344,1.6899441619895,1.6079378171967,0.758184687410811,0.979064602294225,1.15049533439097
"NBC",2021,73,"Sockeye","Sockeye","NBC","1989-2021",4.29045944114839,-4.87622840841043,-0.581506980867825,1.87982951769555,1.68046018574139,1.62032639258875,1.19994451717764,1.04449565602453,0.949058666486623
